timestamp,symbol,side,price,amount,profit,duration
2025-08-15T00:03:00,,buy,118615.64,0.001,,
2025-08-15T00:04:00,,sell,4540.69,0.001,-114.07495,60.0
2025-08-15T00:04:00,,buy,3.0911,0.001,,
2025-08-15T00:04:00,,sell,118286.24,0.001,118.2831489,0.0
2025-08-15T00:04:00,,buy,0.033271,0.001,,
2025-08-15T00:04:00,,sell,3.7692,0.001,0.0037359290000000002,0.0
2025-08-15T00:07:00,,buy,842.03,0.001,,
2025-08-15T00:07:00,,sell,0.9987,0.001,-0.8410313,0.0
2025-08-15T00:10:00,,buy,4567.42,0.001,,
2025-08-15T00:10:00,,sell,3.0812,0.001,-4.564338800000001,0.0
2025-08-15T00:10:00,,buy,192.78,0.001,,
2025-08-15T00:10:00,,sell,0.9287,0.001,-0.1918513,0.0
2025-08-15T00:13:00,,buy,3.0918,0.001,,
2025-08-15T00:13:00,,sell,118603.0,0.001,118.5999082,0.0
2025-08-15T00:17:00,,buy,0.9997,0.001,,
2025-08-15T00:17:00,,sell,0.033435,0.001,-0.0009662650000000001,0.0
2025-08-15T00:36:00,,buy,0.9994,0.001,,
2025-08-15T00:36:00,,sell,0.0332,0.001,-0.0009662,0.0
2025-08-15T00:39:00,,buy,0.936,0.001,,
2025-08-15T00:39:00,,sell,0.22432,0.001,-0.0007116800000000001,0.0
2025-08-15T00:41:00,,buy,0.22463,0.001,,
2025-08-15T00:41:00,,sell,835.6,0.001,0.83537537,0.0
2025-08-15T00:42:00,,buy,192.84,0.001,,
2025-08-15T00:42:00,,sell,0.935,0.001,-0.191905,0.0
2025-08-15T00:43:00,,buy,118591.37,0.001,,
2025-08-15T00:43:00,,sell,192.84,0.001,-118.39853000000001,0.0
2025-08-15T00:44:00,,buy,0.033491,0.001,,
2025-08-15T00:44:00,,sell,3.7581,0.001,0.0037246090000000003,0.0
2025-08-15T00:46:00,,buy,0.9996,0.001,,
2025-08-15T00:46:00,,sell,0.033492,0.001,-0.0009661080000000001,0.0
2025-08-15T00:46:00,,buy,3.7931,0.001,,
2025-08-15T00:47:00,,sell,4573.91,0.001,4.5701169,60.0
2025-08-15T00:51:00,,buy,0.9994,0.001,,
2025-08-15T00:51:00,,sell,0.033696,0.001,-0.0009657040000000001,0.0
2025-08-15T00:57:00,,buy,0.9994,0.001,,
2025-08-15T00:57:00,,sell,0.033696,0.001,-0.0009657040000000001,0.0
2025-08-15T01:07:00,,buy,4565.67,0.001,,
2025-08-15T01:07:00,,sell,3.0779,0.001,-4.5625921,0.0
2025-08-15T01:09:00,,buy,3.78,0.001,,
2025-08-15T01:10:00,,sell,4573.0,0.001,4.5692200000000005,60.0
2025-08-15T01:14:00,,buy,840.94,0.001,,
2025-08-15T01:14:00,,sell,0.9976,0.001,-0.8399424000000001,0.0
2025-08-15T01:18:00,,buy,0.033701,0.001,,
2025-08-15T01:18:00,,sell,3.7695,0.001,0.0037357989999999997,0.0
2025-08-15T01:19:00,,buy,3.0914,0.001,,
2025-08-15T01:19:00,,sell,117994.85,0.001,117.9917586,0.0
2025-08-15T01:20:00,,buy,0.22432,0.001,,
2025-08-15T01:20:00,,sell,840.16,0.001,0.83993568,0.0
2025-08-15T01:24:00,,buy,192.86,0.001,,
2025-08-15T01:24:00,,sell,0.9213,0.001,-0.19193870000000002,0.0
2025-08-15T01:25:00,,buy,3.7848,0.001,,
2025-08-15T01:26:00,,sell,4572.59,0.001,4.5688052,60.0
2025-08-15T01:31:00,,buy,0.9219,0.001,,
2025-08-15T01:31:00,,sell,0.22516,0.001,-0.0006967400000000001,0.0
2025-08-15T01:35:00,,buy,841.54,0.001,,
2025-08-15T01:35:00,,sell,0.995,0.001,-0.840545,0.0
2025-08-15T01:48:00,,buy,117994.73,0.001,,
2025-08-15T01:48:00,,sell,193.87,0.001,-117.80086,0.0
2025-08-15T02:00:00,,buy,3.7879,0.001,,
2025-08-15T02:01:00,,sell,4604.36,0.001,4.6005721,60.0
2025-08-15T02:08:00,,buy,3.0958,0.001,,
2025-08-15T02:08:00,,sell,194.19,0.001,0.1910942,0.0
2025-08-15T02:08:00,,buy,0.9229,0.001,,
2025-08-15T02:08:00,,sell,0.9973,0.001,7.439999999999991e-05,0.0
2025-08-15T02:25:00,,buy,118583.28,0.001,,
2025-08-15T03:53:00,BTC-USD,buy,118788.98,0.0008418289305960874,,
2025-08-15T03:57:00,PENGU-USD,buy,0.034255,2919.281856663261,,
2025-08-15T03:58:00,ETH-USD,sell,4623.66,2919.281856663261,13497666.749379653,60.0
2025-08-15T04:41:00,BTC-USD,buy,118494.78,0.0008439190317075571,,
2025-08-15T04:43:00,BTC-USD,sell,118142.58,0.0008464348755546052,-0.2981143631703295,120.0
2025-08-15T04:44:00,PENGU-USD,buy,0.034232,2921.2432811404533,,
2025-08-15T04:45:00,ETH-USD,sell,4616.43,2921.2432811404533,13485615.120355224,60.0
2025-08-15T05:04:00,BTC-USD,buy,118584.56,0.0008432801032444696,,
2025-08-15T05:05:00,BTC-USD,sell,118119.01,0.0008466037769872944,-0.3941363883764374,60.0
2025-08-15T05:05:00,ETH-USD,buy,4622.85,0.021631677428426185,,
2025-08-15T05:05:00,SOL-USD,buy,195.43,0.5116921659929387,,
2025-08-15T05:06:00,BTC-USD,buy,118496.76,0.0008439049303964091,,
2025-08-15T05:07:00,BTC-USD,sell,118385.79,0.0008439049303964091,-0.09364813012609051,60.0
2025-08-15T05:34:00,ETH-USD,buy,4616.46,0.021661619509320995,,
2025-08-15T05:34:00,SOL-USD,buy,195.44,0.511665984445354,,
2025-08-15T05:44:00,BTC-USD,buy,118485.65,0.0008439840605170331,,
2025-08-15T05:44:00,ADA-USD,buy,0.923,108.34236186348862,,
2025-08-15T05:44:00,ADA-USD,sell,0.923,108.34236186348862,0.0,0.0
2025-08-15T06:27:00,BNB-USD,buy,850.61,0.11756269030460492,,
2025-08-15T06:35:00,ETH-USD,sell,850.61,0.11756269030460492,0.0,480.0
2025-08-15T06:39:00,USDC-USD,buy,0.9963,100.37137408411121,,
2025-08-15T06:40:00,DOGE-USD,buy,0.2316,431.77892918825563,,
2025-08-15T06:42:00,BTC-USD,buy,118509.49,0.000843814280189713,,
2025-08-15T06:47:00,DOGE-USD,sell,0.23059,431.77892918825563,-0.43609671848014286,420.0
2025-08-15T06:47:00,BNB-USD,sell,0.9903,100.37137408411121,-0.6022282445046678,480.0
2025-08-15T06:47:00,BNB-USD,sell,118493.44,0.000843814280189713,-0.01354321919704735,300.0
2025-08-15T07:24:00,SOL-USD,buy,197.27,0.5069194504993156,,
2025-08-15T07:25:00,SOL-USD,sell,196.81,0.5069194504993156,-0.23318294722968924,60.0
2025-08-15T07:30:00,BNB-USD,buy,850.57,0.11756821895905098,,
2025-08-15T07:31:00,ETH-USD,buy,4647.98,0.0215147225246236,,
2025-08-15T07:34:00,SOL-USD,buy,197.33,0.5067653169817058,,
2025-08-15T07:36:00,SOL-USD,sell,197.05,0.5067653169817058,-0.1418942887548782,120.0
2025-08-15T07:40:00,ETH-USD,sell,4626.96,0.0215147225246236,-0.4522394674675779,540.0
2025-08-15T07:41:00,PENGU-USD,buy,0.0339,2949.8525073746314,,
2025-08-15T07:48:00,BNB-USD,sell,846.05,0.11756821895905098,-0.5314083496949217,1080.0
2025-08-15T07:56:00,XRP-USD,buy,3.1173,32.079042761364,,
2025-08-15T07:57:00,ADA-USD,buy,0.9498,105.2853232259423,,
2025-08-15T07:59:00,ETH-USD,buy,4638.16,0.021560273901719648,,
2025-08-15T07:59:00,DOGE-USD,buy,0.23055,433.7453914552158,,
2025-08-15T08:02:00,BNB-USD,buy,848.57,0.11784531623790612,,
2025-08-15T08:03:00,HBAR-USD,buy,0.25568,391.1138923654568,,
2025-08-15T08:26:00,SOL-USD,buy,197.05,0.5074854097944684,,
2025-08-15T08:37:00,ADA-USD,sell,0.949,105.2853232259423,-0.08422825858075626,2400.0
2025-08-15T08:47:00,ETH-USD,sell,4642.24,0.021560273901719648,0.0879659175190146,2880.0
2025-08-15T08:51:00,XRP-USD,sell,3.1218,32.079042761364,0.14435569242612922,3300.0
2025-08-15T08:52:00,DOGE-USD,sell,0.23106,433.7453914552158,0.22121014964215255,3180.0
2025-08-15T08:54:00,BTC-USD,buy,118985.38,0.0008404393884357893,,
2025-08-15T08:55:00,DOGE-USD,buy,0.23136,432.2268326417704,,
2025-08-15T08:58:00,BTC-USD,sell,118802.64,0.0008404393884357893,-0.15358189384276053,240.0
2025-08-15T09:01:00,DOGE-USD,sell,0.23108,432.2268326417704,-0.12102351313969678,360.0
2025-08-15T09:02:00,SOL-USD,sell,196.95,0.5074854097944684,-0.050748540979458384,2160.0
2025-08-15T09:07:00,ETH-USD,buy,4652.88,0.021492065129554167,,
2025-08-15T09:08:00,BTC-USD,buy,118967.32,0.0008405669725097615,,
2025-08-15T09:09:00,XRP-USD,buy,3.1241,32.009218654972635,,
2025-08-15T09:12:00,XRP-USD,sell,3.1199,32.009218654972635,-0.13443871835088447,180.0
2025-08-15T09:17:00,PENGU-USD,sell,0.033731,2949.8525073746314,-0.49852507374632005,5760.0
2025-08-15T09:19:00,ETH-USD,sell,4633.03,0.021492065129554167,-0.42661749282165806,720.0
2025-08-15T09:44:00,USDC-USD,buy,0.9985,100.150225338007,,
2025-08-15T09:48:00,ADA-USD,buy,0.9457,105.74177857671566,,
2025-08-15T09:49:00,BTC-USD,sell,118642.15,0.0008405669725097615,-0.2733271624510099,2460.0
2025-08-15T09:55:00,PENGU-USD,buy,0.03375,2962.9629629629626,,
2025-08-15T10:09:00,BTC-USD,buy,118874.45,0.0008412236607614168,,
2025-08-15T10:09:00,ETH-USD,buy,4630.36,0.021596592921500707,,
2025-08-15T10:09:00,XRP-USD,buy,3.1139,32.114069173705,,
2025-08-15T10:09:00,SOL-USD,buy,195.42,0.511718350220039,,
2025-08-15T10:37:00,ADA-USD,sell,0.9504,105.74177857671566,0.49698635931056756,2940.0
2025-08-15T10:43:00,XRP-USD,sell,3.1145,32.114069173705,0.019268441504220878,2040.0
2025-08-15T10:44:00,USDC-USD,sell,0.9986,100.150225338007,0.010015022533799597,3600.0
2025-08-15T10:46:00,ADA-USD,buy,0.9547,104.74494605635279,,
2025-08-15T10:47:00,USDC-USD,buy,0.9989,100.11012113324657,,
2025-08-15T10:49:00,SOL-USD,sell,194.97,0.511718350220039,-0.2302732575990117,2400.0
2025-08-15T10:54:00,BTC-USD,sell,118769.29,0.0008412236607614168,-0.08846308016567353,2700.0
2025-08-15T11:08:00,BTC-USD,buy,118968.2,0.0008405607548908028,,
2025-08-15T11:08:00,XRP-USD,buy,3.1138,32.115100520264626,,
2025-08-15T11:08:00,USDC-USD,sell,0.9986,100.11012113324657,-0.030033036339970662,1260.0
2025-08-15T11:09:00,SOL-USD,buy,195.36,0.5118755118755118,,
2025-08-15T11:15:00,BNB-USD,sell,844.62,0.11784531623790612,-0.4654889991397345,11580.0
2025-08-15T11:16:00,XRP-USD,sell,3.109,32.115100520264626,-0.15415248249726748,480.0
2025-08-15T11:19:00,HBAR-USD,sell,0.25252,391.1138923654568,-1.235919899874842,11760.0
2025-08-15T11:20:00,BTC-USD,sell,118771.64,0.0008405607548908028,-0.16522062198133425,720.0
2025-08-15T11:41:00,XLM-USD,buy,0.4272,234.0823970037453,,
2025-08-15T11:44:00,HBAR-USD,buy,0.25308,395.13197407934246,,
2025-08-15T11:55:00,BTC-USD,buy,118999.07,0.0008403427018379219,,
2025-08-15T11:55:00,DOGE-USD,buy,0.2309,433.08791684711997,,
2025-08-15T11:57:00,XRP-USD,buy,3.1132,32.12128999100604,,
2025-08-15T12:01:00,ADA-USD,sell,0.9407,104.74494605635279,-1.4664292447889404,4500.0
2025-08-15T12:02:00,BTC-USD,sell,118789.3,0.0008403427018379219,-0.1762786885645443,420.0
2025-08-15T12:07:00,BNB-USD,buy,843.83,0.11850728227249564,,
2025-08-15T12:08:00,SOL-USD,sell,194.36,0.5118755118755118,-0.5118755118755118,3540.0
2025-08-15T12:10:00,BTC-USD,buy,118987.9,0.0008404215890859491,,
2025-08-15T12:12:00,SOL-USD,buy,194.88,0.513136288998358,,
2025-08-15T12:19:00,SOL-USD,sell,194.34,0.513136288998358,-0.2770935960591092,420.0
2025-08-15T12:20:00,ETH-USD,sell,4619.42,0.021596592921500707,-0.2362667265612091,7860.0
2025-08-15T12:20:00,DOGE-USD,sell,0.22838,433.08791684711997,-1.09138155045474,1500.0
2025-08-15T12:20:00,HBAR-USD,sell,0.2519,395.13197407934246,-0.46625572941362975,2160.0
2025-08-15T12:22:00,XRP-USD,sell,3.0993,32.12128999100604,-0.44648593087498467,1500.0
2025-08-15T12:22:00,XLM-USD,sell,0.4263,234.0823970037453,-0.21067415730337358,2460.0
2025-08-15T12:31:00,XRP-USD,buy,3.1354,31.893857243094978,,
2025-08-15T12:43:00,DOGE-USD,buy,0.23021,434.3859953955085,,
2025-08-15T12:46:00,ETH-USD,buy,4637.25,0.021564504825057954,,
2025-08-15T12:46:00,ADA-USD,buy,0.944,105.93220338983052,,
2025-08-15T12:50:00,SOL-USD,buy,194.23,0.514853524172373,,
2025-08-15T12:55:00,BNB-USD,sell,842.63,0.11850728227249564,-0.14220873872700016,2880.0
2025-08-15T12:55:00,XLM-USD,buy,0.4294,232.88309268747088,,
2025-08-15T12:57:00,HBAR-USD,buy,0.25353,394.4306393720665,,
2025-08-15T12:58:00,BTC-USD,sell,118543.67,0.0008404215890859491,-0.37334048251964774,2880.0
2025-08-15T13:00:00,XRP-USD,sell,3.115,31.893857243094978,-0.6506346877591367,1740.0
2025-08-15T13:01:00,ETH-USD,sell,4623.03,0.021564504825057954,-0.3066472586123296,900.0
2025-08-15T13:05:00,BTC-USD,buy,118916.1,0.000840929024749382,,
2025-08-15T13:08:00,BTC-USD,sell,118522.96,0.000840929024749382,-0.33060283678997154,180.0
2025-08-15T13:11:00,BNB-USD,buy,844.09,0.11847077918231468,,
2025-08-15T13:13:00,XRP-USD,buy,3.1202,32.04922761361451,,
2025-08-15T13:15:00,XLM-USD,sell,0.4278,232.88309268747088,-0.3726129482999512,1200.0
2025-08-15T13:16:00,ADA-USD,sell,0.9411,105.93220338983052,-0.3072033898304982,1800.0
2025-08-15T13:16:00,HBAR-USD,sell,0.25238,394.4306393720665,-0.45359523527787027,1140.0
2025-08-15T13:23:00,HBAR-USD,buy,0.25357,394.3684189770083,,
2025-08-15T13:32:00,USDC-USD,buy,0.9992,100.080064051241,,
2025-08-15T13:36:00,XLM-USD,buy,0.4291,233.04591004427874,,
2025-08-15T13:38:00,XLM-USD,sell,0.4257,233.04591004427874,-0.7923560941505381,120.0
2025-08-15T13:55:00,SOL-USD,sell,190.32,0.514853524172373,-2.0130772795139764,3900.0
2025-08-15T14:03:00,ADA-USD,buy,0.9448,105.84250635055038,,
2025-08-15T14:07:00,BTC-USD,buy,118238.62,0.0008457473539525411,,
2025-08-15T14:10:00,XLM-USD,buy,0.4257,234.9072116513977,,
2025-08-15T14:11:00,HBAR-USD,sell,0.25074,394.3684189770083,-1.116062625704933,2880.0
2025-08-15T14:16:00,SOL-USD,buy,191.55,0.522056904202558,,
2025-08-15T14:22:00,XRP-USD,sell,3.0798,32.04922761361451,-1.2947887955900261,4140.0
2025-08-15T14:23:00,BTC-USD,sell,117918.23,0.0008457473539525411,-0.27096899473285413,960.0
2025-08-15T14:25:00,ADA-USD,sell,0.9421,105.84250635055038,-0.28577476714647804,1320.0
2025-08-15T14:25:00,XLM-USD,sell,0.4231,234.9072116513977,-0.610758750293645,900.0
2025-08-15T14:39:00,ADA-USD,buy,0.9516,105.08617065994115,,
2025-08-15T14:44:00,ADA-USD,sell,0.9457,105.08617065994115,-0.6200084068936544,300.0
2025-08-15T14:48:00,DOGE-USD,sell,0.22538,434.3859953955085,-2.0980843577603063,7500.0
2025-08-15T14:54:00,SOL-USD,sell,187.42,0.522056904202558,-2.156095014356577,2280.0
2025-08-15T14:54:00,BNB-USD,sell,827.2,0.11847077918231468,-2.000971460389293,6180.0
2025-08-15T15:02:00,USDC-USD,sell,0.9989,100.080064051241,-0.030024019215368992,5400.0
2025-08-15T15:20:00,USDC-USD,buy,0.9997,100.03000900270081,,
2025-08-15T15:20:00,DOGE-USD,buy,0.22538,443.69509273227436,,
2025-08-15T15:21:00,DOGE-USD,sell,0.22432,443.69509273227436,-0.4703167982962132,60.0
2025-08-15T15:37:00,BTC-USD,buy,117434.96,0.0008515351816869524,,
2025-08-15T15:40:00,USDC-USD,sell,0.999,100.03000900270081,-0.07002100630189396,1200.0
2025-08-15T16:09:00,USDC-USD,buy,0.9999,100.0100010001,,
2025-08-15T16:24:00,ADA-USD,buy,0.9247,108.14318157240186,,
2025-08-15T16:25:00,DOGE-USD,buy,0.22247,449.4988088281566,,
2025-08-15T16:27:00,XLM-USD,buy,0.415,240.96385542168676,,
2025-08-15T16:31:00,SOL-USD,buy,185.39,0.5394034198176817,,
2025-08-15T16:32:00,ETH-USD,buy,4416.07,0.022644568587001566,,
2025-08-15T16:33:00,HBAR-USD,buy,0.24293,411.64121351829743,,
2025-08-15T16:40:00,USDC-USD,sell,0.9989,100.0100010001,-0.10001000100010009,1860.0
2025-08-15T16:53:00,USDC-USD,buy,0.9997,100.03000900270081,,
2025-08-15T17:03:00,ADA-USD,sell,0.929,108.14318157240186,0.4650156807613368,2340.0
2025-08-15T17:03:00,DOGE-USD,sell,0.22286,449.4988088281566,0.17530453544298172,2280.0
2025-08-15T17:06:00,ETH-USD,sell,4410.0,0.022644568587001566,-0.1374525313230929,2040.0
2025-08-15T17:06:00,HBAR-USD,sell,0.24328,411.64121351829743,0.14407442473139967,1980.0
2025-08-15T17:07:00,SOL-USD,sell,185.05,0.5394034198176817,-0.18339716273799828,2160.0
2025-08-15T17:12:00,BTC-USD,sell,117177.15,0.0008515351816869524,-0.21953428519072363,5700.0
2025-08-15T17:19:00,XRP-USD,buy,3.0364,32.933737320511135,,
2025-08-15T17:20:00,XRP-USD,sell,3.0275,32.933737320511135,-0.29311026215255337,60.0
2025-08-15T17:25:00,XRP-USD,buy,3.0413,32.880676026699106,,
2025-08-15T17:25:00,BNB-USD,buy,819.68,0.12199882881124342,,
2025-08-15T17:27:00,BTC-USD,buy,117500.0,0.000851063829787234,,
2025-08-15T17:27:00,ADA-USD,buy,0.9371,106.71219720414042,,
2025-08-15T17:27:00,SOL-USD,buy,186.26,0.5368839256952647,,
2025-08-15T17:28:00,DOGE-USD,buy,0.22516,444.12861964825015,,
2025-08-15T17:55:00,SOL-USD,sell,185.44,0.5368839256952647,-0.44024481907011337,1680.0
2025-08-15T18:02:00,SOL-USD,buy,186.24,0.5369415807560137,,
2025-08-15T18:05:00,DOGE-USD,sell,0.22376,444.12861964825015,-0.6217800675075557,2220.0
2025-08-15T18:07:00,ADA-USD,sell,0.9407,106.71219720414042,0.38416390993489874,2400.0
2025-08-15T18:07:00,SOL-USD,sell,185.19,0.5369415807560137,-0.5637886597938205,300.0
2025-08-15T18:12:00,ADA-USD,buy,0.9427,106.07828577490189,,
2025-08-15T18:12:00,BNB-USD,sell,819.98,0.12199882881124342,0.03659964864338135,2820.0
2025-08-15T18:20:00,ADA-USD,sell,0.941,106.07828577490189,-0.1803330858173369,480.0
2025-08-15T18:23:00,USDC-USD,sell,0.9989,100.03000900270081,-0.08002400720216293,5400.0
2025-08-15T18:35:00,ADA-USD,buy,0.944,105.93220338983052,,
2025-08-15T18:42:00,USDC-USD,buy,0.9992,100.080064051241,,
2025-08-15T18:43:00,USDC-USD,sell,0.9986,100.080064051241,-0.060048038430737985,60.0
2025-08-15T18:43:00,ADA-USD,sell,0.9382,105.93220338983052,-0.6144067796610081,480.0
2025-08-15T18:47:00,XLM-USD,sell,0.4224,240.96385542168676,1.7831325301204863,8400.0
2025-08-15T18:49:00,XRP-USD,sell,3.0595,32.880676026699106,0.5984283036859163,5040.0
2025-08-15T18:52:00,ADA-USD,buy,0.9444,105.88733587462939,,
2025-08-15T18:52:00,DOGE-USD,buy,0.22393,446.56812396731124,,
2025-08-15T18:59:00,BNB-USD,buy,822.5,0.12158054711246201,,
2025-08-15T19:14:00,SOL-USD,buy,185.4,0.5393743257820928,,
2025-08-15T19:15:00,HBAR-USD,buy,0.2453,407.6640847941297,,
2025-08-15T19:16:00,ETH-USD,buy,4419.04,0.022629349360947175,,
2025-08-15T19:20:00,ADA-USD,sell,0.9341,105.88733587462939,-1.0906395595086802,1680.0
2025-08-15T19:25:00,PENGU-USD,sell,0.031442,2962.9629629629626,-6.838518518518531,34200.0
2025-08-15T19:25:00,BTC-USD,sell,117276.69,0.000851063829787234,-0.19005106382978526,7080.0
2025-08-15T19:25:00,DOGE-USD,sell,0.22267,446.56812396731124,-0.5626758361988047,1980.0
2025-08-15T19:25:00,BNB-USD,sell,820.91,0.12158054711246201,-0.19331306990881847,1560.0
2025-08-15T19:25:00,SOL-USD,sell,184.46,0.5393743257820928,-0.5070118662351659,660.0
2025-08-15T19:25:00,HBAR-USD,sell,0.24436,407.6640847941297,-0.38320423970648043,600.0
2025-08-15T19:25:00,ETH-USD,sell,4400.0,0.022629349360947175,-0.4308628118324334,540.0
2025-08-15T20:13:00,BTC-USD,buy,117116.79,0.0008538485387108032,,
2025-08-15T20:22:00,BTC-USD,sell,117176.18,0.0008538485387108032,0.05071006471403411,540.0
2025-08-15T20:29:00,ADA-USD,buy,0.9323,107.26161106939826,,
2025-08-15T21:23:00,USDC-USD,buy,0.9986,100.1401962747847,,
2025-08-15T21:24:00,SOL-USD,buy,185.12,0.54019014693172,,
2025-08-15T21:29:00,ETH-USD,buy,4415.93,0.022645286496842113,,
2025-08-15T21:30:00,BTC-USD,buy,117281.18,0.0008526517212736094,,
2025-08-15T21:30:00,ADA-USD,sell,0.9328,107.26161106939826,0.053630805534693224,3660.0
2025-08-15T21:33:00,ETH-USD,sell,4406.43,0.022645286496842113,-0.21513022172000007,240.0
2025-08-15T21:39:00,BTC-USD,sell,117133.76,0.0008526517212736094,-0.12569791675015402,540.0
2025-08-15T21:59:00,BNB-USD,buy,825.46,0.12114457393453347,,
2025-08-15T22:11:00,USDC-USD,sell,0.9979,100.1401962747847,-0.07009813739235268,2880.0
2025-08-15T22:17:00,BNB-USD,sell,824.38,0.12114457393453347,-0.1308361398493011,1080.0
2025-08-15T22:25:00,SOL-USD,sell,185.88,0.54019014693172,0.41054451166810224,3660.0
2025-08-15T22:31:00,XRP-USD,buy,3.0804,32.463316452408776,,
2025-08-15T22:33:00,DOGE-USD,buy,0.22863,437.3879193456677,,
2025-08-15T23:09:00,XRP-USD,sell,3.0834,32.463316452408776,0.09738994935723001,2280.0
2025-08-15T23:16:00,DOGE-USD,sell,0.22871,437.3879193456677,0.03499103354765199,2580.0
2025-08-15T23:35:00,XLM-USD,buy,0.4299,232.61223540358222,,
2025-08-15T23:43:00,SOL-USD,buy,185.71,0.5384739647838027,,
2025-08-15T23:58:00,ADA-USD,buy,0.9424,106.11205432937182,,
2025-08-15T23:59:00,XRP-USD,buy,3.0752,32.518210197710715,,
2025-08-16T00:01:00,DOGE-USD,buy,0.22895,436.7765887748417,,
2025-08-16T00:04:00,DOGE-USD,sell,0.22802,436.7765887748417,-0.4062022275605968,180.0
2025-08-16T00:13:00,XRP-USD,sell,3.0738,32.518210197710715,-0.045525494276804426,840.0
2025-08-16T00:27:00,XLM-USD,sell,0.4292,232.61223540358222,-0.16282856478250254,3120.0
2025-08-16T00:44:00,SOL-USD,sell,187.41,0.5384739647838027,0.9154057401324585,3660.0
2025-08-16T00:59:00,ADA-USD,sell,0.9688,106.11205432937182,2.8013582342954138,3660.0
2025-08-16T01:33:00,ADA-USD,buy,0.9655,103.57327809425168,,
2025-08-16T01:35:00,SOL-USD,buy,187.3,0.5339028296849972,,
2025-08-16T01:40:00,ADA-USD,sell,0.9646,103.57327809425168,-0.09321595028482774,420.0
2025-08-16T01:53:00,HBAR-USD,buy,0.25044,399.29723686312093,,
2025-08-16T02:12:00,ADA-USD,buy,0.9641,103.72368011617053,,
2025-08-16T02:17:00,SOL-USD,sell,187.77,0.5339028296849972,0.2509343299519481,2520.0
2025-08-16T02:19:00,XRP-USD,buy,3.0914,32.347803584136635,,
2025-08-16T02:25:00,XRP-USD,sell,3.0871,32.347803584136635,-0.13909555541179375,360.0
2025-08-16T02:39:00,ADA-USD,sell,0.962,103.72368011617053,-0.21781972824395715,1620.0
2025-08-16T02:45:00,HBAR-USD,sell,0.24999,399.29723686312093,-0.1796837565884068,3120.0
2025-08-16T03:04:00,ADA-USD,buy,0.9622,103.92849719393057,,
2025-08-16T03:33:00,ADA-USD,sell,0.9622,103.92849719393057,0.0,1740.0
2025-08-16T04:26:00,SOL-USD,buy,187.58,0.5331058748267405,,
2025-08-16T04:56:00,ADA-USD,buy,0.9543,104.78885046631038,,
2025-08-16T05:24:00,SOL-USD,sell,187.4,0.5331058748267405,-0.09595905746881693,3480.0
2025-08-16T05:57:00,ADA-USD,sell,0.9462,104.78885046631038,-0.8487896887771137,3660.0
2025-08-16T06:06:00,ADA-USD,buy,0.9484,105.44074230282581,,
2025-08-16T06:19:00,SOL-USD,buy,186.75,0.535475234270415,,
2025-08-16T06:42:00,SOL-USD,sell,186.39,0.535475234270415,-0.1927710843373567,1380.0
2025-08-16T06:45:00,SOL-USD,buy,186.93,0.5349596105494036,,
2025-08-16T07:00:00,ADA-USD,sell,0.9491,105.44074230282581,0.07380851961198165,3240.0
2025-08-16T07:25:00,ADA-USD,buy,0.9556,104.64629552113855,,
2025-08-16T07:46:00,SOL-USD,sell,188.95,0.5349596105494036,1.0806184133097854,3660.0
2025-08-16T08:05:00,ADA-USD,sell,0.9589,104.64629552113855,0.34533277521975403,2400.0
2025-08-16T08:23:00,ADA-USD,buy,0.9622,103.92849719393057,,
2025-08-16T08:40:00,ADA-USD,sell,0.9589,103.92849719393057,-0.34296404073997927,1020.0
2025-08-16T09:14:00,SOL-USD,buy,188.18,0.5314061005420342,,
2025-08-16T09:17:00,SOL-USD,sell,187.98,0.5314061005420342,-0.1062812201084159,180.0
2025-08-16T10:48:00,SOL-USD,buy,186.41,0.5364519070865297,,
2025-08-16T11:06:00,ADA-USD,buy,0.91,109.89010989010988,,
2025-08-16T11:33:00,ADA-USD,sell,0.9103,109.89010989010988,0.03296703296702933,1620.0
2025-08-16T11:42:00,SOL-USD,sell,186.86,0.5364519070865297,0.2414033581889475,3240.0
2025-08-16T12:12:00,ADA-USD,buy,0.9088,110.03521126760563,,
2025-08-16T12:28:00,ADA-USD,sell,0.9038,110.03521126760563,-0.5501760563380287,960.0
2025-08-16T12:31:00,ADA-USD,buy,0.9104,109.84182776801406,,
2025-08-16T12:31:00,SOL-USD,buy,186.55,0.5360493165371214,,
2025-08-16T12:49:00,SOL-USD,sell,186.0,0.5360493165371214,-0.2948271240954229,1080.0
2025-08-16T12:52:00,SOL-USD,buy,186.27,0.5368551028077522,,
2025-08-16T13:32:00,ADA-USD,sell,0.9185,109.84182776801406,0.8897188049209134,3660.0
2025-08-16T13:50:00,SOL-USD,sell,187.27,0.5368551028077522,0.5368551028077522,3480.0
2025-08-16T14:25:00,SOL-USD,buy,187.55,0.5331911490269261,,
2025-08-16T15:26:00,SOL-USD,sell,189.36,0.5331911490269261,0.9650759797387375,3660.0
2025-08-16T17:26:00,SUI-USD,buy,3.7582,26.60848278431164,,
2025-08-16T17:30:00,SUI-USD,sell,3.7557,26.60848278431164,-0.06652120696077768,240.0
2025-08-16T17:34:00,SOL-USD,buy,187.79,0.532509718302359,,
2025-08-16T17:43:00,SOL-USD,sell,187.58,0.532509718302359,-0.11182704084348451,540.0
2025-08-16T17:51:00,SOL-USD,buy,187.89,0.5322263026238757,,
2025-08-16T18:00:00,AVAX-USD,buy,23.98,4.170141784820684,,
2025-08-16T18:30:00,SOL-USD,sell,187.86,0.5322263026238757,-0.01596678907870175,2340.0
2025-08-16T18:52:00,SOL-USD,buy,188.17,0.531434341287134,,
2025-08-16T19:43:00,LTC-USD,buy,120.13,0.8324315325064514,,
2025-08-16T19:53:00,SOL-USD,sell,189.07,0.531434341287134,0.4782909071584236,3660.0
2025-08-16T20:21:00,SOL-USD,buy,189.22,0.5284853609555016,,
2025-08-16T20:27:00,LTC-USD,sell,119.88,0.8324315325064514,-0.20810788312661285,2640.0
2025-08-16T21:10:00,SOL-USD,sell,188.66,0.5284853609555016,-0.2959518021350821,2940.0
2025-08-16T21:30:00,SOL-USD,buy,188.97,0.5291845266444409,,
2025-08-16T21:55:00,SOL-USD,sell,188.55,0.5291845266444409,-0.22225750119065857,1500.0
2025-08-16T22:29:00,PENGU-USD,buy,0.033132,3018.2301098635758,,
2025-08-16T23:22:00,PENGU-USD,sell,0.033136,3018.2301098635758,0.012072920439445434,3180.0
2025-08-16T23:49:00,SOL-USD,buy,189.41,0.5279552293965472,,
2025-08-17T00:02:00,PENGU-USD,buy,0.033276,3005.1688904916455,,
2025-08-17T00:41:00,PENGU-USD,sell,0.033175,3005.1688904916455,-0.3035220579396469,2340.0
2025-08-17T00:50:00,SOL-USD,sell,188.44,0.5279552293965472,-0.5121165725146501,3660.0
2025-08-17T01:35:00,SOL-USD,buy,188.08,0.5316886431305827,,
2025-08-17T02:16:00,SOL-USD,sell,188.24,0.5316886431305827,0.08507018290089143,2460.0
2025-08-17T03:35:00,SOL-USD,buy,191.23,0.522930502536213,,
2025-08-17T04:36:00,SOL-USD,sell,192.35,0.522930502536213,0.585682162840561,3660.0
2025-08-17T04:49:00,SOL-USD,buy,193.13,0.5177859472893905,,
2025-08-17T05:23:00,SOL-USD,sell,192.88,0.5177859472893905,-0.12944648682234763,2040.0
2025-08-17T05:42:00,SOL-USD,buy,193.15,0.5177323323841574,,
2025-08-17T05:58:00,SOL-USD,sell,192.74,0.5177323323841574,-0.21227025627750276,960.0
2025-08-17T09:33:00,LINK-USD,buy,24.57,4.07000407000407,,
2025-08-17T10:34:00,LINK-USD,sell,24.73,4.07000407000407,0.6512006512006517,3660.0
2025-08-17T11:48:00,LINK-USD,buy,24.62,4.061738424045491,,
2025-08-17T12:10:00,LINK-USD,sell,24.58,4.061738424045491,-0.1624695369618306,1320.0
2025-08-17T12:53:00,LINK-USD,buy,24.64,4.058441558441558,,
2025-08-17T13:54:00,LINK-USD,sell,24.89,4.058441558441558,1.0146103896103895,3660.0
2025-08-17T14:08:00,LINK-USD,buy,24.86,4.022526146419952,,
2025-08-17T15:09:00,LINK-USD,sell,25.66,4.022526146419952,3.218020917135964,3660.0
2025-08-17T16:25:00,LINK-USD,buy,26.16,3.8226299694189603,,
2025-08-17T16:42:00,LINK-USD,sell,26.0,3.8226299694189603,-0.6116207951070342,1020.0
2025-08-17T17:06:00,LINK-USD,buy,26.07,3.8358266206367473,,
2025-08-17T17:15:00,LINK-USD,sell,25.93,3.8358266206367473,-0.5370157268891468,540.0
2025-08-17T17:21:00,LINK-USD,buy,26.04,3.8402457757296466,,
2025-08-17T17:31:00,LINK-USD,sell,25.95,3.8402457757296466,-0.34562211981566765,600.0
2025-08-17T17:57:00,LINK-USD,buy,26.08,3.834355828220859,,
2025-08-17T18:04:00,LINK-USD,sell,25.93,3.834355828220859,-0.5751533742331234,420.0
2025-08-17T19:30:00,LINK-USD,buy,25.66,3.897116134060795,,
2025-08-17T19:31:00,LINK-USD,sell,25.58,3.897116134060795,-0.3117692907248708,60.0
2025-08-17T20:15:00,LINK-USD,buy,25.49,3.9231071008238527,,
2025-08-17T21:08:00,LINK-USD,sell,25.65,3.9231071008238527,0.627697136131817,3180.0
2025-08-17T22:08:00,LINK-USD,buy,25.72,3.888024883359254,,
2025-08-17T22:20:00,LINK-USD,sell,25.66,3.888024883359254,-0.23328149300155027,720.0
2025-08-17T22:21:00,LINK-USD,buy,25.79,3.87747188832881,,
2025-08-17T22:50:00,LINK-USD,sell,25.78,3.87747188832881,-0.038774718883280386,1740.0
2025-08-17T23:52:00,LINK-USD,buy,25.81,3.874467260751647,,
2025-08-18T00:01:00,LINK-USD,sell,25.64,3.874467260751647,-0.6586594343277729,540.0
2025-08-18T00:26:00,LINK-USD,buy,25.7,3.8910505836575875,,
2025-08-18T01:21:00,LINK-USD,sell,25.88,3.8910505836575875,0.7003891050583646,3300.0
